count,true,predicted
28,ণ্ড্র,ন্ড্র
26,ম্ভ্র,ন্ত্র
26,ত্ত,ও
25,ন্ড্র,ণ্ড্র
22,ম্প,ল্ত
19,ম্ন,ম্ম
16,ন্ঢ,ন্ট
15,ত্ত,ন্ত
13,২,হ
13,শ্ন,শ্ম
12,ষ্ক্র,স্ক্র
12,প্ত,দ্ভ
12,প,দ
12,ন্ব,ণ্ব
11,ষ্প,ম্প
11,ম্প,ষ্প
11,ত্থ,থ
10,স্ন,ঘ্ন
10,ষ্প,ল্ত
10,য,ষ
10,ন্ত,ন্ড
10,ট,ৈ
10,ঊ,উ
9,হ্ন,হ্ল
9,ষ্ফ,ঙ্ক
9,ণ্ব,ন্ব
8,ী,৭
8,দ্ব,দ্ধ
8,ত,৩
7,৫,ড
7,য,ঘ
7,ভ,ড
7,প্ত,স্ত
7,ন্ম,স্ম
7,ন্ট,ন্ঢ
7,ন,ণ
7,ঞ্জ,জ্ঞ
7,ঙ্ক,ষ্ফ
7,ও,ত্ত
6,৭,ু
6,ু,৭
6,স,ম
6,ষ্ট,ষ্ঠ
6,শ্ম,শ্ন
6,ল্ত,ল্ড
6,ল্ড,ল্ত
6,জ্ঞ,ঞ
6,ক্ষ্ন,ক্ষ্ম
5,৭,ী
5,ৈ,ট
5,স্ফ,স্ক
5,শ্ন,শ্ল
5,ম্ফ,ষ্ফ
5,ভ,ঙ
5,ন্দ্র,ন্ত্র
5,ন্ত্র,ন্দ্র
5,ণ্ণ,গ্ন
5,ণ,ন
5,ছ,চ্ছ
5,চ্চ,চ্ছ
5,ঙ্ঘ,ঙ্ম
5,ঘ,য
5,গ্ম,গ্ন
5,ক্ষ্ম,ক্ষ্ন
4,হ্র,হ্ন
4,স্থ,ষ্ম
4,স,ঘ
4,ল্ত,ষ্প
4,ল্ড,ন্ড
4,ম্ম,ষ্ম
4,ম্প্র,ম্ভ্র
4,ম,ঘ
4,ব্জ,জ্ঝ
4,প,ণ
4,ন্ত,স্প
4,দ,ূ
4,ত্ত্ব,স্ত্ব
4,ড,৬
4,জ্ঞ,ঞ্জ
4,খ,থ
4,উ,ঊ
4,ই,ঈ
3,৯,১
3,ূ,ু
3,স্ম,স্থ
3,স্ম,ল্ত
3,স্ন,স্ম
3,স্ত,স্থ
3,স্ক,স্ফ
3,ষ্ম,স্থ
3,ষ্ম,ম্ম
3,ষ্ফ,ম্ফ
3,ষ্ক্র,ষ্ব
3,শ্ম,ম্ম
3,শ্ন,ক্ম
3,ল্প,ন্দ
3,ল্ত,ম্প
3,ল্ক,ল্ব
3,য,থ
3,ম্র,ন্ত্র
3,ম্ম,ম্ন
3,ম্ম,ক্ষ্ম
3,ম্ভ্র,ম্ভ
3,ম্ভ,ন্ড
3,ম্ব,ম্প
3,ম্ন,ম্ল
3,প্ন,প্র
3,প্ন,গ্ন
3,প্ত,ন্ত
3,ন্ম,থ
3,ন্দ,ল্প
3,ন্ত্র,ম্ভ্র
3,ন্ত,স্ত
3,ন্ট্র,ন্ট
3,ন,৯
3,দ্ধ,দ্ব
3,থ,খ
3,ত,ঢ
3,ণ্ড্র,ন্ড
3,ঢ়,ঢ
3,ট্ব,ট্র
3,জ্ঞ,ড্ড
3,জ্ঞ,জ্জ
3,ছ,হ
3,চ,ে
3,ঙ্ম,ঙ্ঘ
3,ঙ্ক,ম্ফ
3,খ,ঘ
3,ক্ট,ষ্ট
3,ঋ,ঝ
3,অ,আ
2,৬,ভ
2,৩,ঢ
2,৩,এ
2,ৎ,ং
2,ৌ,ো
2,ূ,জ
2,ী,ঙ্গ
2,া,শ
2,হ্ল,হ্র
2,হ্ল,হ্ন
2,হ্ম,ক্ষ্ম
2,হ্ন,হ্র
2,হ,২
2,হ,ই
2,স্ল,ম্ন
2,স্ম,স্ন
2,স্থ,স্ম
2,স্থ,ড়
2,স্ত,স্ত্ব
2,স্ত,ম্ভ্র
2,স্ত,প্ত
2,স্ত,ন্ত্র
2,স্ক্র,স্ত
2,স্ক্র,ষ্ক্র
2,স্ক্র,চ্ঞ
2,স,য
2,ষ্ম,শ্ম
2,ষ্ব,স্ট
2,ষ্ফ,ন্ট
2,ষ্প,প
2,ষ্ঠ,ণ্ঠ
2,ষ্ক্র,শ্রু
2,শ্রু,ষ্ক্র
2,শ্ন,শ্ব
2,শ,ক্ষ
2,ল্ম,ন্ম
2,ল্ব,ল্ক
2,ল্ব,ন্দ্ব
2,ল্প,স্ফ
2,ল্প,ন্ম
2,ল্গ,ল্ম
2,র্থ,দ্র
2,ম্ল,স্ল
2,ম্ল,ল্ল
2,ম্র,ম্ভ্র
2,ম্র,ম্ন
2,ম্ভ্র,ম্র
2,ম্ভ্র,ণ্ড্র
2,ম্ন,ল্ল
2,ম,স
2,ভ্র,ন্দ্র
2,ভ্র,ঞ্ঝ
2,ব্ধ,ক্ব
2,ব্দ,ন্দ
2,ব্জ,ড়্গ
2,ব্জ,জ্জ্ব
2,প্ল,প্ন
2,প্র,ম্র
2,প্র,ত্র
2,প্প,প্স
2,প্ন,প্ল
2,প্ট,প্প
2,প,গ
2,ন্ম,ল্ম
2,ন্ম,ম
2,ন্ম,গ্ম
2,ন্ব,প্প
2,ন্ধ,ঞ্চ
2,ন্দ্র,ম্ফ
2,ন্দ্ব,ক্ষ্ন
2,ন্ত্র,স্ত
2,ন্ত,প্ত
2,ন্ড্র,ম্ভ্র
2,ন্ড,ল্ত
2,ন্ড,ল্ড
2,ন্ড,ন্ত
2,ন্ট্র,ট্র
2,ন্ট,ল্ট
2,ধ্ব,ধ্ন
2,ধ্ন,ধ্ম
2,ধ্ন,ধ্ব
2,ধ,ষ
2,ধ,ঋ
2,দ্র,দ্ভ্র
2,দ্ভ,দ
2,থ,ত্থ
2,ত্র,প্র
2,ত্ব,ত্ত্ব
2,ত্থ,খ
2,ত্ত্ব,স্প
2,ত্ত,স্ত
2,ত্ত,প্ত
2,ত্ত,জ্ঞ
2,ণ্ণ,ম্ন
2,ণ্ণ,প্ন
2,ণ্ঠ,ষ্ঠ
2,ণ্ঠ,ঠ
2,ঢ,ত
2,ড্ড,জ্ঞ
2,ড্ড,জ্জ
2,ড,৫
2,ঠ,৯
2,ট্ট,উ
2,ট,ক্ট
2,ঞ্চ,ষ্ণ
2,ঞ,জ্ঞ
2,ঝ,ঋ
2,জ্র,ম্ন
2,জ্র,গ্র
2,জ্ব,জ
2,জ্ঞ,জ
2,চ,ঢ
2,ঙ্গ,হ্ন
2,ঙ্গ,ঙ্খ
2,ঙ্গ,ঈ
2,ঙ্ক্ষ,ঙ্ক
2,ঙ,৬
2,ঙ,উ
2,ঘ্ন,স্ন
2,ঘ্ন,য়
2,গ,স
2,গ,প
2,গ,ণ
2,খ,ঙ্খ
2,ক্ষ,শ
2,ক্র,ঞ
2,ক্ত,জ্ঞ
2,ক্ত,জ
2,ও,৬
2,ঐ,অ
2,উ,ড
2,উ,ট্ট
2,ঃ,ু
2,ং,ৎ
1,৯,ন
1,৯,ঁ
1,৮,৬
1,৮,ন্ন
1,৭,ূ
1,৭,জ
1,৬,৫
1,৬,ও
1,৬,ঁ
1,৫,ভ
1,৪,ঠ
1,৩,ঁ
1,২,ৃ
1,২,ছ
1,১,৯
1,০,চ
1,ৎ,ূ
1,্র,্
1,্য,জ্র
1,ো,ৌ
1,ো,ে
1,ো,ণ
1,ৈ,ে
1,ৈ,ঠ
1,ৈ,ক্ট
1,ৃ,ে
1,ূ,ৃ
1,ূ,ঞ্জ
1,ু,৮
1,ী,ৌ
1,ী,ি
1,ী,র
1,ী,জ
1,ি,ী
1,ি,া
1,ি,ঠ
1,ি,ট
1,া,ণ
1,হ্র,ম্র
1,হ্র,থ্র
1,হ্ম,র্থ
1,হ্ম,ম্ম
1,হ্ম,ঙ্ক
1,হ্ন,হ্ব
1,হ,স্থ
1,হ,ন
1,স্ল,ল্ল
1,স্ল,প্স
1,স্ল,গ্ব
1,স্ম,ষ
1,স্ম,ম্প
1,স্ম,ন্ম
1,স্ম,ঘ্ন
1,স্ম,ক্ষ
1,স্ব,ষ্ফ
1,স্ফ,স্থ
1,স্ফ,স
1,স্ফ,ল্প
1,স্ফ,ল্ত
1,স্প,ন্ত
1,স্প,ত্থ
1,স্ন,স্থ
1,স্ন,য়
1,স্থ,স্প
1,স্থ,ম্প
1,স্থ,দ্ঘ
1,স্থ,ত্থ
1,স্থ,ঙ্গ
1,স্ত্ব,হ্ম
1,স্ত্ব,স্ব
1,স্ত,স্ব
1,স্ত,স্প
1,স্ত,স্ক্র
1,স্ত,ষ্ট
1,স্ত,ষ্ক্র
1,স্ত,ল্ত
1,স্ত,প্স
1,স্ত,দ্ভ
1,স্ট,প্ট
1,স্ক্র,ষ্ফ
1,স্ক্র,ম্প্র
1,স্ক্র,ঙ্ক
1,স্ক,স্থ
1,স্ক,ম্ব
1,স,ম্ব
1,স,ন্ম
1,ষ্ম,ল্ট
1,ষ্ম,র্শ
1,ষ্ম,প্স
1,ষ্ম,ন্ম
1,ষ্ব,স্ব
1,ষ্ব,ষ
1,ষ্ফ,স্ত
1,ষ্ফ,ষ্ম
1,ষ্ফ,ষ্ক্র
1,ষ্ফ,ক্ব
1,ষ্প,শ
1,ষ্প,ল্প
1,ষ্প,জ্ঞ
1,ষ্প,জ
1,ষ্প,চ্ছ
1,ষ্প,ঘ্ন
1,ষ্প,ক্ষ
1,ষ্ণ,জ্ঞ
1,ষ্ণ,ঘ্ন
1,ষ্ঠ,ষ্ট
1,ষ্ট,ষ্ণ
1,ষ্ট,ক্ট
1,ষ্ক্র,ষ্ফ
1,শ্ল,শ্ন
1,শ্ল,ম্ল
1,শ্ল,ণ্ণ
1,শ্রু,শ্ন
1,শ্রু,ন্দ্র
1,শ্ম,ল্ম
1,শ্ন,ম্ম
1,শ্ন,ম্ন
1,শ্ছ,শ্ম
1,শ,ণ
1,ল্ল,ম্ল
1,ল্ল,ন্থ
1,ল্ম,ল্গ
1,ল্ব,ল্ম
1,ল্প,শ
1,ল্প,ল্ত
1,ল্প,ম্প
1,ল্প,ঙ্গ
1,ল্ত,হ্ব
1,ল্ত,ল্প
1,ল্ত,ন্ড
1,ল্ড,ল্ট
1,ল্ড,প্ট
1,ল,স্ম
1,ল,শ
1,ল,ল্প
1,ল,ব্দ
1,ল,ন
1,র্শ,শ
1,র্শ,র্থ
1,র্শ,ম্ভ্র
1,র্শ,ন্ত্র
1,র্ব্য,ন্ড্র
1,র্ত,ম্র
1,র্ছ,ম্প্র
1,র্চ,গ্র
1,র্গ,প্ট
1,র্গ,গ্র
1,র,স
1,র,য়
1,র,ব
1,র,ঃ
1,র,ঁ
1,য়,স্ন
1,য়,র
1,য়,ঘ্ন
1,য,৯
1,য,য়
1,য,ঢ
1,য,ঘ্ন
1,ম্ল,ল্ম
1,ম্ল,ম্র
1,ম্র,স্ত
1,ম্র,ম্ভ
1,ম্র,ভ্র
1,ম্র,প্ল
1,ম্র,প্প
1,ম্র,ত্র
1,ম্ম,শ্ম
1,ম্ম,র্শ
1,ম্ম,গ্ন
1,ম্ভ্র,স্ত
1,ম্ভ্র,ম্প্র
1,ম্ভ্র,ফ্ল
1,ম্ভ,ম্ভ্র
1,ম্ব,স্ক
1,ম্ব,ঘ্ন
1,ম্ফ,ল্ক
1,ম্ফ,ব্ধ
1,ম্ফ,ঙ্ক
1,ম্ফ,ক্ষ্ম
1,ম্প্র,স্ত
1,ম্ন,শ্ল
1,ম্ন,ল্গ
1,ম্ন,ধ্ন
1,ম,স্ম
1,ম,শ
1,ম,য
1,ম,ন্ম
1,ম,ত্ন
1,ম,চ্চ
1,ভ্র,ম্র
1,ভ্র,ম্ভ্র
1,ভ্র,প্র
1,ভ্র,ত্র
1,ভ্র,জ্র
1,ভ,৬
1,ভ,৫
1,ভ,ৎ
1,ভ,ন্ড
1,ভ,ড্ড
1,ব্ল,প্ন
1,ব্ব,ষ্ব
1,ব্ব,ধ্ব
1,ব্ধ,্য
1,ব্ধ,ব্ব
1,ব্দ,শ্চ
1,ব্দ,চ্ছ
1,ব,র
1,ব,য
1,ব,ক
1,ফ্ল,ম্ফ
1,ফ্ল,চ্ঞ
1,ফ্ল,ক্ষ্ম
1,ফ্র,ণ্ণ
1,ফ,ক্র
1,প্স,স্প
1,প্স,ক্ম
1,প্ল,ব্ল
1,প্র,ভ্র
1,প্র,দ্র
1,প্র,গ্র
1,প্প,ম্ন
1,প্প,ন্ম
1,প্প,ণ্ণ
1,প্ন,ষ্ম
1,প্ন,ণ্ণ
1,প্ট,ল্ট
1,প্ট,ন্ঢ
1,প্ট,ন্ট
1,প,শ
1,প,ল
1,প,ঙ্গ
1,ন্ম,ম্ব
1,ন্ম,ন্থ
1,ন্ম,ত্থ
1,ন্ম,জ্জ
1,ন্ব,স্ব
1,ন্ব,ন্ম
1,ন্ব,ন্ট্র
1,ন্ন,স্ন
1,ন্ন,ন্ম
1,ন্ন,দ্দ
1,ন্ন,ঃ
1,ন্ধ,ব্দ
1,ন্ধ,ন
1,ন্ধ,জ
1,ন্দ্ব,ন্ব
1,ন্দ,প
1,ন্দ,ন্ড
1,ন্দ,ঙ্গ
1,ন্থ,ষ্ফ
1,ন্থ,ম্ফ
1,ন্থ,ণ্ণ
1,ন্ত্র,ল্ড
1,ন্ত্র,ম্ম
1,ন্ত,হ্ন
1,ন্ত,ণ্ঠ
1,ন্ত,ঔ
1,ন্ঢ,ন্ড
1,ন্ড্র,ন্দ্র
1,ন্ড্র,ন্ত্র
1,ন্ড,ল্গ
1,ন্ড,প্ত
1,ন্ড,ন্থ
1,ন্ড,ণ্ড্র
1,ন্ড,ড
1,ন্ড,ঞ্জ
1,ন্ড,চ্ছ্ব
1,ন্ড,গ্ব
1,ন্ড,ঔ
1,ন্ট,স্ট
1,ন্ট,স্ক্র
1,ন্ট,ঙ্ক
1,ন,ো
1,ন,হ
1,ন,ল
1,ন,ত্ন
1,ধ্ম,ষ্ম
1,ধ্ম,ব্ল
1,ধ্ম,ন্ম
1,ধ্ম,ধ্ন
1,ধ্ব,ব্ব
1,ধ্ব,ধ্ম
1,ধ্ব,ট্ব
1,ধ,স্ক
1,ধ,ব
1,ধ,ঠ
1,ধ,ছ
1,ধ,ঙ্গ
1,দ্র,ম্ভ
1,দ্র,ন্দ্র
1,দ্ম,প্ল
1,দ্ম,দ্গ
1,দ্ভ্র,দ্গ
1,দ্ভ,দ্দ
1,দ্ভ,ড্ড
1,দ্ভ,জ
1,দ্ব,স
1,দ্ব,ঠ
1,দ্ব,ছ
1,দ্ব,চ
1,দ্দ,দ্ভ
1,দ্দ,দ্ধ
1,দ্ঘ,স্থ
1,দ্ঘ,ন্ড
1,দ্গ,দ্ঘ
1,দ,ব্দ
1,দ,দ্ব
1,দ,দ্দ
1,থ্র,প্র
1,থ্র,থ্ব
1,থ্ব,থ্র
1,থ্ব,ঞ্চ
1,থ,হ
1,থ,ম
1,থ,ঙ্খ
1,থ,ঙ
1,থ,ঘ
1,ত্র,হ্র
1,ত্র,র্ত
1,ত্র,প্স
1,ত্ম,ষ্ম
1,ত্ম,ঙ্ম
1,ত্ব,হ্ব
1,ত্ব,ট্ব
1,ত্ন,স্ন
1,ত্ন,ধ
1,ত্ন,অ
1,ত্থ,ন্ম
1,ত্থ,ঙ্গ
1,ত্থ,ঘ
1,ত্থ,ঋ
1,ত্ত্ব,ন্থ
1,ত্ত্ব,ত্ব
1,ত্ত্ব,ট্ব
1,ত্ত,ত
1,ত্ত,ঞ্জ
1,ত,ল
1,ত,চ্চ
1,ণ্ব,শ্ব
1,ণ্ড্র,ন্দ্র
1,ণ্ঠ,জ্ঞ
1,ণ,া
1,ণ,প
1,ণ,গ
1,ঢ়,ক্ত
1,ঢ,৩
1,ঢ,ে
1,ঢ,দ
1,ঢ,ঢ়
1,ঢ,চ
1,ড্ড,স্ত
1,ড্ড,দ্ভ
1,ড্ড,ত্ত
1,ড্ড,ঞ্জ
1,ড্ড,উ
1,ড়্গ,জ্ঝ
1,ড়্গ,ঙ্ক
1,ড়,ড
1,ড,ভ
1,ড,ন্ড
1,ড,দ্ভ
1,ড,দ
1,ড,ড্ড
1,ড,উ
1,ঠ,১
1,ঠ,০
1,ঠ,ৈ
1,ঠ,ণ্ঠ
1,ঠ,চ
1,ট,ণ্ঠ
1,ট,ঢ
1,ট,ট্ট
1,ট,ঊ
1,ঞ্ঝ,ব্ধ
1,ঞ্চ,শ্ছ
1,ঞ্চ,ন্ড
1,ঞ্চ,ক্ট
1,ঞ,ঐ
1,ঝ,ষ্প
1,জ্র,ভ্র
1,জ্র,ব্জ
1,জ্র,ট্ব
1,জ্ব,ম্ব
1,জ্ব,দ্ব
1,জ্ব,ক
1,জ্ঞ,ঞ্চ
1,জ্ঞ,জ্ব
1,জ্ঞ,ঙ্গ
1,জ্ঝ,থ্ব
1,জ্ঝ,ঙ্ক্ষ
1,জ্জ্ব,জ্র
1,জ্জ,স্ত
1,জ্জ,ঞ্জ
1,জ্জ,ঙ্গ
1,জ,দ্ধ
1,জ,জ্জ
1,জ,ঙ্গ
1,জ,গ
1,জ,ঋ
1,ছ,২
1,ছ,দ
1,চ্ঞ,স্ত্ব
1,চ্ঞ,ধ্ব
1,চ্ছ্ব,দ্দ্ব
1,চ্ছ,হ
1,চ্চ,ড্ড
1,চ্চ,চ
1,চ্চ,ঙ্খ
1,চ,ষ
1,চ,চ্চ
1,ঙ্ম,ষ্ক্র
1,ঙ্ম,ঙ্ক্ষ
1,ঙ্গ,প
1,ঙ্গ,ন্দ
1,ঙ্গ,দ্ভ
1,ঙ্গ,জ্ঞ
1,ঙ্গ,জ
1,ঙ্গ,ক্স
1,ঙ্খ,স্ম
1,ঙ্খ,স্থ
1,ঙ্খ,ত্ত্ব
1,ঙ্খ,জ্ঞ
1,ঙ্খ,ঙ্গ
1,ঙ্ক্ষ,ঙ্ম
1,ঙ্ক্ষ,ঙ্ঘ
1,ঙ্ক,ল্ক
1,ঙ্ক,ত্ত্ব
1,ঙ্ক,জ্ঝ
1,ঙ্ক,ঙ্ক্ষ
1,ঙ,ভ
1,ঙ,দ্ভ
1,ঙ,ট্ট
1,ঙ,ঔ
1,ঙ,ঁ
1,ঘ্ন,ম্ব
1,ঘ্ন,ন্ম
1,ঘ্ন,ত্ন
1,ঘ্ন,জ্ব
1,ঘ্ন,ঘ
1,ঘ,স
1,ঘ,ষ
1,গ্ল,স্ল
1,গ্ল,গ্র
1,গ্র,প্ল
1,গ্য,ন্ঠ
1,গ্ব,স্ল
1,গ্ব,ন্ব
1,গ্ব,গ্ধ
1,গ্ন,ষ্ম
1,গ্ন,ণ্ণ
1,গ্ন,গ্ল
1,গ্ন,গ্ব
1,গ্ধ,গ্ব
1,গ্ধ,গ্ন
1,গ,ন
1,গ,জ
1,গ,ঙ্গ
1,খ,ন্ম
1,খ,ধ
1,খ,জ্ঞ
1,ক্স,ড্ড
1,ক্স,ক্ল
1,ক্ষ্ম,ম্ম
1,ক্ষ্ন,হ্ম
1,ক্ষ্ন,শ্ন
1,ক্ষ,স্ম
1,ক্ষ,স্ফ
1,ক্ষ,শ্চ
1,ক্ল,ড্ড
1,ক্ল,ক্ক
1,ক্র,স্ন
1,ক্র,স্ত
1,ক্র,ট্ট
1,ক্র,জ্জ
1,ক্র,ক্স
1,ক্র,ক্ত
1,ক্র,এ
1,ক্ম,শ্ন
1,ক্ম,ম্ল
1,ক্ম,দ্ভ্র
1,ক্ব,ব্ব
1,ক্ত,ন্ধ
1,ক্ত,ঙ্গ
1,ক্ট,ঞ্চ
1,ক্ট,জ্জ
1,ক্ট,ঊ
1,ক্ক,চ্চ
1,ক্ক,ক্ল
1,ক্ক,ক্ত
1,ক,ড
1,ঔ,ও
1,ঔ,ঐ
1,ঔ,উ
1,ও,৫
1,ও,ন্ত
1,ঐ,স
1,ঐ,ন্ন
1,ঐ,ঔ
1,ঐ,এ
1,এ,৩
1,এ,ন্ন
1,এ,ত্ত
1,ঊ,ট্ট
1,ঈ,ৈ
1,ঈ,ঙ্গ
1,ঈ,ই
1,ই,ছ
1,ই,ক্ল
1,আ,শ
1,আ,ঙ্গ
1,আ,অ
1,অ,৭
1,অ,স
1,অ,ত্ন
1,অ,ত
1,ং,ঃ
1,ঁ,৪
1,ঁ,১
1,ঁ,ভ
1,ঁ,ং
