folder,row,col,character
0,1,1,ক্ব
1,1,2,ণ্ব
2,1,3,ধ্ন
3,1,4,স্ব
4,1,5,গ্ধ
5,1,6,গ্ন
6,1,7,স্ল
7,1,8,গ্ব
8,1,9,গ্ম
9,1,10,হ্ন
10,2,1,হ্ব
11,2,2,গ্ল
12,2,3,হ্ম
13,2,4,ঙ্ক
14,2,5,ঙ্ঘ
15,2,6,ঙ্ক্ষ
16,2,7,চ্ছ্ব
17,2,8,হ্ল
18,2,9,জ্জ্ব
19,2,10,ল্ক
20,3,1,ল্ট
21,3,2,স্প
22,3,3,ল্ত
23,3,4,ঞ্চ
24,3,5,স্ত্ব
25,3,6,স্ট
26,3,7,স্থ
27,3,8,ন্ট
28,3,9,ন্ড
29,3,10,ন্ঢ
30,4,1,ণ্ণ
31,4,2,ন্ম
32,4,3,ষ্ম
33,4,4,ত্ত্ব
34,4,5,ত্ব
35,4,6,ত্ম
36,4,7,স্ত
37,4,8,ষ্ব
38,4,9,ত্র
39,4,10,ষ্ফ
40,5,1,থ্ব
41,5,2,স্ক্র
42,5,3,শ্ল
43,5,4,দ্গ
44,5,5,দ্ঘ
45,5,6,দ্দ্ব
46,5,7,দ্ভ্র
47,5,8,দ্ম
48,5,9,ষ্ফ
49,5,10,ষ্ক্র
50,6,1,ক্ষ্ন
51,6,2,ধ্ব
52,6,3,জ্ঝ
53,6,4,ন্ট
54,6,5,ন্ট্র
55,6,6,ন্ঠ
56,6,7,শ্ম
57,6,8,ত্ত্ব
58,6,9,ক্ম
59,6,10,ক্ষ্ম
60,7,1,ন্থ
61,7,2,ঙ্ম
62,7,3,ন্দ্ব
63,7,4,চ্ঞ
64,7,5,ড়্গ
65,7,6,শ্ব
66,7,7,ন্ব
67,7,8,ধ্ম
68,7,9,প্ট
69,7,10,প্ন
70,8,1,শ্ন
71,8,2,শ্ছ
72,8,3,ল্ল
73,8,4,প্স
74,8,5,ল্ব
75,8,6,ফ্ল
76,8,7,ব্জ
77,8,8,ব্ধ
78,8,9,ব্ব
79,8,10,ল্ম
80,9,1,ল্ড
81,9,2,ব্ল
82,9,3,ল্গ
83,9,4,প্ল
84,9,5,ম্ন
85,9,6,প্প
86,9,7,ম্ভ
87,9,8,ম্ভ্র
88,9,9,ম্ম
89,9,10,ম্ফ
90,10,1,ট্ব
91,10,2,ম্ল
92,10,3,ঞ্ঝ
93,10,4,ট্র
94,10,5,প্র
95,10,6,গ্র
96,10,7,জ্র
97,10,8,ণ্ড্র
98,10,9,দ্র
99,10,10,ন্ড্র
100,11,1,ন্ত্র
101,11,2,ন্দ্র
102,11,3,ম্প্র
103,11,4,ম্র
104,11,5,ভ্র
105,11,6,র্গ
106,11,7,জ্র
107,11,8,র্চ
108,11,9,থ্র
109,11,10,হ্র
110,12,1,র্থ
111,12,2,র্ব্য
112,12,3,র্শ
113,12,4,শ্রু
114,12,5,র্ছ
115,12,6,র্ত
116,12,7,র্থ
117,12,8,্
118,12,9,্য
119,12,10,্র

