class,precision,recall,f1,support
ণ্ড,1.0,1.0,1.0,5
ফ্র,1.0,1.0,1.0,5
ণ্ম,1.0,1.0,1.0,5
ত্য,1.0,1.0,1.0,6
ক্ষ্ণ,1.0,1.0,1.0,6
গ্য,1.0,0.8333,0.9091,6
দ্য,1.0,1.0,1.0,6
ক্য,1.0,1.0,1.0,6
ধ্র,1.0,1.0,1.0,6
ক্ন,1.0,1.0,1.0,6
ব্র,1.0,1.0,1.0,6
ত্ল,1.0,1.0,1.0,6
ঘ্র,1.0,1.0,1.0,6
জ্য,1.0,1.0,1.0,6
ম্য,1.0,1.0,1.0,6
প্য,1.0,1.0,1.0,6
ন্স,1.0,1.0,1.0,6
প্ব,1.0,1.0,1.0,6
প্ম,1.0,1.0,1.0,6
ঞ্ছ,1.0,1.0,1.0,6
খ্র,1.0,1.0,1.0,6
ণ্ট,1.0,1.0,1.0,7
ব্য,1.0,1.0,1.0,7
ন্য,1.0,1.0,1.0,7
ন্র,1.0,1.0,1.0,7
ধ্য,1.0,1.0,1.0,7
ল্য,1.0,1.0,1.0,7
ত্থ,0.9659,0.9167,0.9406,216
ন্ত,0.9023,0.8818,0.892,220
ষ্প,0.9159,0.8829,0.8991,222
হ্র,0.9763,0.9802,0.9782,252
্র,1.0,0.996,0.998,253
শ্ছ,0.9921,0.996,0.9941,253
ড়্গ,0.9921,0.9921,0.9921,254
শ্ন,0.9508,0.9134,0.9317,254
ট্ব,0.9843,0.9882,0.9862,254
ট্র,0.9806,0.9961,0.9883,254
র্গ,1.0,0.9921,0.996,254
শ্রু,0.9921,0.9843,0.9881,254
র্শ,0.996,0.9882,0.9921,254
চ্ঞ,0.9921,0.9921,0.9921,254
ন্দ্ব,0.9921,0.9921,0.9921,254
র্ছ,1.0,0.9961,0.998,254
ষ্ক্র,0.9556,0.9331,0.9442,254
র্ব্য,1.0,0.9961,0.998,254
ন্ট্র,0.996,0.9803,0.9881,254
ম্ভ্র,0.9304,0.8425,0.8843,254
ষ্ম,0.9606,0.9606,0.9606,254
ক্ষ্ন,0.9612,0.9764,0.9688,254
ম্প্র,0.9919,0.9685,0.9801,254
ম্ফ,0.9722,0.9646,0.9684,254
্য,1.0,1.0,1.0,254
র্ত,0.9922,0.9922,0.9922,255
দ্দ্ব,0.9922,1.0,0.9961,255
ন্ঢ,0.9676,0.9373,0.9522,255
ন্ড্র,0.8884,0.8431,0.8652,255
ণ্ড্র,0.8664,0.8902,0.8781,255
দ্ভ্র,0.9883,0.9961,0.9922,255
ন্দ্র,0.9504,0.9765,0.9632,255
ন্ত্র,0.8282,0.9451,0.8828,255
র্চ,0.9961,0.9961,0.9961,255
স্ক্র,0.9488,0.9451,0.947,255
শ্ল,0.992,0.9765,0.9842,255
ঙ্ক্ষ,0.9882,0.9882,0.9882,255
ক্ষ্ম,0.9575,0.9725,0.965,255
শ্ম,0.9419,0.9529,0.9474,255
ষ্ব,0.9805,0.9882,0.9844,255
ঙ্ম,0.969,0.9804,0.9747,255
শ্ব,0.9846,1.0,0.9922,255
স্ত্ব,0.9769,0.9961,0.9864,255
স্ট,0.9883,0.9961,0.9922,255
জ্জ্ব,1.0,0.9922,0.9961,255
হ্ব,0.9883,0.9961,0.9922,255
ল্ল,0.9843,0.9843,0.9843,255
হ্ম,0.9882,0.9805,0.9843,256
্,0.9961,1.0,0.9981,256
হ্ল,0.9544,0.9805,0.9672,256
স্ল,0.9883,0.9844,0.9864,257
থ্র,0.9923,1.0,0.9961,258
স্ব,0.9922,0.9845,0.9883,258
ব্ধ,0.9961,0.9961,0.9961,259
ঙ্ক,0.9603,0.9344,0.9472,259
প্ট,0.9847,0.9923,0.9885,259
ন্থ,0.9884,0.9846,0.9865,260
প্স,0.9846,0.9808,0.9827,260
জ্ঝ,0.981,0.9923,0.9866,260
ম্ন,0.9556,0.908,0.9312,261
ল্ট,0.9924,1.0,0.9962,261
দ্ঘ,0.9923,0.9923,0.9923,261
ম্ভ,0.9847,0.9847,0.9847,261
ল্গ,0.9924,0.9962,0.9943,261
গ্ন,0.9552,0.9808,0.9679,261
ণ্ণ,0.973,0.9655,0.9692,261
ত্ম,1.0,0.9847,0.9923,261
ম্র,0.9648,0.9464,0.9555,261
ল্ম,0.9738,0.9962,0.9848,261
ধ্ম,0.9923,0.9885,0.9904,261
প্ন,0.9729,0.9617,0.9672,261
ব্জ,0.9922,0.977,0.9846,261
দ্গ,0.9962,0.9962,0.9962,261
ল্ড,0.9692,0.9618,0.9655,262
দ্ম,1.0,0.9924,0.9962,262
ভ্র,0.9731,0.9656,0.9693,262
ম্ম,0.8877,0.9656,0.925,262
ফ্ল,0.9962,0.9885,0.9923,262
ক্ম,0.9738,0.9924,0.983,262
ধ্ন,0.9774,0.9924,0.9848,262
ণ্ব,0.954,0.9504,0.9522,262
গ্ল,0.9923,0.9885,0.9904,262
প্ল,0.981,0.9847,0.9829,262
ম্ল,0.9846,0.9733,0.9789,262
প্প,0.9808,0.9771,0.979,262
চ্ছ্ব,0.9962,0.9962,0.9962,262
ঞ্ঝ,0.9887,1.0,0.9943,262
থ্ব,0.9923,0.9885,0.9904,262
ধ্ব,0.9923,0.9809,0.9866,262
ল্ব,1.0,0.9696,0.9846,263
ন্ঠ,0.9962,0.9962,0.9962,263
ন্ব,0.9389,0.9354,0.9371,263
প্র,0.9734,0.9734,0.9734,263
ব্ল,0.9962,0.9962,0.9962,263
ল্ক,0.9887,1.0,0.9943,263
ঙ্ঘ,0.9811,0.9848,0.9829,263
গ্র,0.9813,0.9962,0.9887,263
ক্ব,0.9887,0.9962,0.9924,263
গ্ব,0.9811,0.9886,0.9848,263
ত্ব,0.9923,0.981,0.9866,263
ত্র,0.9885,0.9772,0.9828,263
গ্ম,0.9885,0.981,0.9847,263
দ্র,0.9885,0.9848,0.9867,263
ব্ব,0.9962,0.9924,0.9943,264
গ্ধ,0.9887,0.9924,0.9905,264
প্ত,0.9493,0.9458,0.9476,277
ঊ,0.9818,0.9643,0.973,280
ত্ন,0.9965,0.9861,0.9912,287
ঘ্ন,0.9492,0.9655,0.9573,290
ম্ব,0.983,0.9764,0.9797,296
ত্ত,0.9438,0.8514,0.8952,296
য,0.9544,0.9158,0.9347,297
ৃ,0.99,0.9966,0.9933,298
ক্র,0.9897,0.9698,0.9797,298
ণ,0.9515,0.9735,0.9624,302
স্ফ,0.9867,0.9769,0.9818,303
া,0.9868,0.9868,0.9868,304
ঢ,0.9706,0.977,0.9738,304
স,0.9636,0.9541,0.9588,305
হ,0.9459,0.9738,0.9596,305
ষ্ঠ,0.9743,0.9934,0.9838,305
ঁ,0.9869,0.9869,0.9869,305
৯,0.9802,0.9738,0.977,305
স্ক,0.9806,0.9902,0.9854,306
ষ্ট,0.9804,0.9804,0.9804,306
ঘ,0.9363,0.9608,0.9484,306
প,0.9694,0.9314,0.95,306
শ্চ,0.9967,0.9967,0.9967,306
জ,0.9679,0.9869,0.9773,306
ূ,0.974,0.9804,0.9772,306
ল,0.9902,0.9869,0.9885,306
ঠ,0.977,0.9739,0.9755,306
ড,0.9427,0.9673,0.9548,306
অ,0.9933,0.9739,0.9835,306
ৎ,0.9774,0.9902,0.9838,306
০,0.9967,0.9902,0.9934,306
২,0.9831,0.951,0.9668,306
স্ন,0.9733,0.9542,0.9637,306
৫,0.99,0.9706,0.9802,306
আ,0.9839,0.9935,0.9887,307
৬,0.9739,0.9707,0.9723,307
ঈ,0.9712,0.9902,0.9806,307
চ,0.9803,0.9739,0.9771,307
ল্ত,0.9208,0.9088,0.9148,307
ু,0.9708,0.9739,0.9724,307
৮,0.9902,0.9902,0.9902,307
ঙ,0.9525,0.9805,0.9663,307
ক,1.0,0.9935,0.9967,307
ঋ,0.9744,0.9902,0.9822,307
ৈ,0.9556,0.9805,0.9678,307
ট,0.9897,0.9381,0.9632,307
শ,0.9681,0.987,0.9774,307
৭,0.9427,0.9642,0.9533,307
গ,0.9933,0.9707,0.9819,307
ষ্ণ,0.9967,0.9902,0.9935,307
ৌ,0.9967,0.9902,0.9935,307
খ,0.9739,0.9707,0.9723,307
ধ,0.9773,0.9805,0.9789,307
এ,0.9712,0.9902,0.9806,307
ভ,0.9668,0.9479,0.9572,307
৩,0.9676,0.9739,0.9708,307
১,0.9807,0.9935,0.9871,307
৪,0.9967,0.9967,0.9967,307
ছ,0.9967,0.9707,0.9835,307
ঐ,0.9902,0.987,0.9886,308
ব,0.9839,0.9935,0.9887,308
স্ম,0.9548,0.961,0.9579,308
ফ,1.0,0.9968,0.9984,308
ঔ,0.9903,0.9935,0.9919,308
ম্প,0.9016,0.9221,0.9117,308
ই,0.99,0.9675,0.9787,308
ং,0.9902,0.987,0.9886,308
ঃ,0.9903,0.9935,0.9919,308
ঢ়,0.9967,0.987,0.9918,308
ড়,0.9903,0.9935,0.9919,308
ো,0.9871,0.9935,0.9903,308
ে,0.9777,0.9968,0.9871,308
র,0.9839,0.9903,0.9871,308
ঝ,0.9903,0.9935,0.9919,308
ী,0.9834,0.9643,0.9738,308
ম,0.9617,0.9773,0.9694,308
ি,0.9935,0.9903,0.9919,308
ন,0.9609,0.9547,0.9578,309
ও,0.9172,0.9676,0.9417,309
ত,0.9868,0.9709,0.9788,309
ঙ্গ,0.9737,0.9548,0.9642,310
চ্ছ,0.9596,0.9968,0.9778,310
ক্ট,0.9712,0.9774,0.9743,310
ঞ,0.9744,0.9806,0.9775,310
ন্ন,0.9872,0.9904,0.9888,311
ব্দ,0.984,0.9871,0.9856,311
ক্ত,0.9808,0.9839,0.9823,311
দ,0.9497,0.9711,0.9603,311
ক্ক,0.9968,0.9936,0.9952,311
ঙ্খ,0.9715,0.984,0.9777,312
জ্ব,0.9872,0.9872,0.9872,312
ক্ল,0.9873,0.9936,0.9904,312
দ্দ,0.981,0.9936,0.9873,312
ণ্ঠ,0.9904,0.9904,0.9904,312
ট্ট,0.9811,0.9968,0.9889,312
দ্ব,0.9805,0.9679,0.9742,312
জ্ঞ,0.9268,0.9327,0.9297,312
চ্চ,0.9871,0.9776,0.9823,312
জ্জ,0.9716,0.9872,0.9793,312
দ্ধ,0.9688,0.9904,0.9795,313
ড্ড,0.987,0.9681,0.9774,313
ঞ্জ,0.9901,0.9585,0.974,313
ন্দ,0.9745,0.9776,0.9761,313
ক্স,0.9968,0.9936,0.9952,313
ন্ধ,0.9748,0.9904,0.9826,313
য়,0.9871,0.9777,0.9824,314
ক্ষ,0.9872,0.9841,0.9856,314
ল্প,0.9839,0.9714,0.9776,315
ষ,0.9599,0.9842,0.9719,316
দ্ভ,0.973,0.973,0.973,333
উ,0.9588,0.9731,0.9659,335
স্প,0.9672,0.9944,0.9806,356
থ,0.954,0.9704,0.9621,406
র্থ,0.9961,0.9961,0.9961,508
ষ্ফ,0.9576,0.9745,0.966,510
ত্ত্ব,0.9902,0.9843,0.9872,511
ন্ট,0.9618,0.9767,0.9692,516
জ্র,0.9942,0.9884,0.9913,518
স্থ,0.9767,0.9715,0.9741,561
হ্ন,0.9874,0.9786,0.983,562
ন্ম,0.9784,0.9662,0.9722,562
ন্ড,0.958,0.9648,0.9614,568
ঞ্চ,0.9912,0.9877,0.9894,568
স্ত,0.965,0.9599,0.9624,574
