class_id,bengali_character
1,ক্ক
2,ক্ট
3,ক্ত
4,ক্ন
5,ক্ব
6,ক্ম
7,ক্য
8,ক্র
9,ক্ল
10,ক্ষ
11,ক্স
12,ক্ষ্ণ
13,খ্র
14,গ্ধ
15,গ্ন
16,গ্ব
17,গ্ম
18,গ্য
19,গ্র
20,গ্ল
21,ঘ্ন
22,ঘ্র
23,ঙ্ক
24,ঙ্খ
25,ঙ্গ
26,ঙ্ঘ
27,চ্চ
28,চ্ছ
29,চ্ছ্ব
30,জ্জ
31,জ্ঝ
32,জ্ঞ
33,জ্ব
34,জ্য
35,জ্র
36,ঞ্চ
37,ঞ্ছ
38,ঞ্জ
39,ঞ্ঝ
40,ট্ট
41,ড্ড
42,ণ্ট
43,ণ্ঠ
44,ণ্ড
45,ণ্ণ
46,ণ্ব
47,ণ্ম
48,ত্ত
49,ত্থ
50,ত্ন
51,ত্ব
52,ত্ম
53,ত্য
54,ত্র
55,ত্ল
56,থ্ব
57,থ্র
58,দ্গ
59,দ্ঘ
60,দ্দ
61,দ্ধ
62,দ্ব
63,দ্ভ
64,দ্ম
65,দ্য
66,দ্র
67,ধ্ন
68,ধ্ব
69,ধ্ম
70,ধ্য
71,ধ্র
72,ন্ট
73,ন্ঠ
74,ন্ড
75,ন্ত
76,ন্থ
77,ন্দ
78,ন্ধ
79,ন্ন
80,ন্ব
81,ন্ম
82,ন্য
83,ন্র
84,ন্স
85,প্ট
86,প্ত
87,প্ন
88,প্প
89,প্ব
90,প্ম
91,প্য
92,প্র
93,প্ল
94,প্স
95,ফ্র
96,ফ্ল
97,ব্জ
98,ব্দ
99,ব্ধ
100,ব্ব
101,ব্য
102,ব্র
103,ব্ল
104,ভ্র
105,ম্ন
106,ম্ব
107,ম্ভ
108,ম্ম
109,ম্য
110,ম্র
111,ম্ল
112,ল্ক
113,ল্গ
114,ল্ট
115,ল্ড
116,ল্প
117,ল্ব
118,ল্ম
119,ল্য
