idx,character,code_points,unicode_names,sources,images
0,ঁ,U+0981,BENGALI SIGN CANDRABINDU,Ekush,3056
1,ং,U+0982,BENGALI SIGN ANUSVARA,Ekush,3084
2,ঃ,U+0983,BENGALI SIGN VISARGA,Ekush,3081
3,অ,U+0985,BENGALI LETTER A,Ekush,3065
4,আ,U+0986,BENGALI LETTER AA,Ekush,3074
5,ই,U+0987,BENGALI LETTER I,Ekush,3083
6,ঈ,U+0988,BENGALI LETTER II,Ekush,3077
7,উ,U+0989,BENGALI LETTER U,Ekush,3354
8,ঊ,U+098A,BENGALI LETTER UU,Ekush,2806
9,ঋ,U+098B,BENGALI LETTER VOCALIC R,Ekush,3077
10,এ,U+098F,BENGALI LETTER E,Ekush,3079
11,ঐ,U+0990,BENGALI LETTER AI,Ekush,3085
12,ও,U+0993,BENGALI LETTER O,Ekush,3090
13,ঔ,U+0994,BENGALI LETTER AU,Ekush,3084
14,ক,U+0995,BENGALI LETTER KA,Ekush,3077
15,ক্ক,U+0995 U+09CD U+0995,BENGALI LETTER KA; BENGALI SIGN VIRAMA; BENGALI LETTER KA,Ekush+RAS,3117
16,ক্ট,U+0995 U+09CD U+099F,BENGALI LETTER KA; BENGALI SIGN VIRAMA; BENGALI LETTER TTA,Ekush+RAS,3104
17,ক্ত,U+0995 U+09CD U+09A4,BENGALI LETTER KA; BENGALI SIGN VIRAMA; BENGALI LETTER TA,Ekush+RAS,3117
18,ক্ন,U+0995 U+09CD U+09A8,BENGALI LETTER KA; BENGALI SIGN VIRAMA; BENGALI LETTER NA,RAS,64
19,ক্ব,U+0995 U+09CD U+09AC,BENGALI LETTER KA; BENGALI SIGN VIRAMA; BENGALI LETTER BA,MatriVasha+RAS,2633
20,ক্ম,U+0995 U+09CD U+09AE,BENGALI LETTER KA; BENGALI SIGN VIRAMA; BENGALI LETTER MA,MatriVasha+RAS,2627
21,ক্য,U+0995 U+09CD U+09AF,BENGALI LETTER KA; BENGALI SIGN VIRAMA; BENGALI LETTER YA,RAS,65
22,ক্র,U+0995 U+09CD U+09B0,BENGALI LETTER KA; BENGALI SIGN VIRAMA; BENGALI LETTER RA,Ekush+RAS,2986
23,ক্ল,U+0995 U+09CD U+09B2,BENGALI LETTER KA; BENGALI SIGN VIRAMA; BENGALI LETTER LA,Ekush+RAS,3121
24,ক্ষ,U+0995 U+09CD U+09B7,BENGALI LETTER KA; BENGALI SIGN VIRAMA; BENGALI LETTER SSA,Ekush+RAS,3144
25,ক্ষ্ণ,U+0995 U+09CD U+09B7 U+09CD U+09A3,BENGALI LETTER KA; BENGALI SIGN VIRAMA; BENGALI LETTER SSA; BENGALI SIGN VIRAMA; BENGALI LETTER NNA,RAS,66
26,ক্ষ্ন,U+0995 U+09CD U+09B7 U+09CD U+09A8,BENGALI LETTER KA; BENGALI SIGN VIRAMA; BENGALI LETTER SSA; BENGALI SIGN VIRAMA; BENGALI LETTER NA,MatriVasha,2546
27,ক্ষ্ম,U+0995 U+09CD U+09B7 U+09CD U+09AE,BENGALI LETTER KA; BENGALI SIGN VIRAMA; BENGALI LETTER SSA; BENGALI SIGN VIRAMA; BENGALI LETTER MA,MatriVasha,2550
28,ক্স,U+0995 U+09CD U+09B8,BENGALI LETTER KA; BENGALI SIGN VIRAMA; BENGALI LETTER SA,Ekush+RAS,3139
29,খ,U+0996,BENGALI LETTER KHA,Ekush,3078
30,খ্র,U+0996 U+09CD U+09B0,BENGALI LETTER KHA; BENGALI SIGN VIRAMA; BENGALI LETTER RA,RAS,62
31,গ,U+0997,BENGALI LETTER GA,Ekush,3077
32,গ্ধ,U+0997 U+09CD U+09A7,BENGALI LETTER GA; BENGALI SIGN VIRAMA; BENGALI LETTER DHA,MatriVasha+RAS,2642
33,গ্ন,U+0997 U+09CD U+09A8,BENGALI LETTER GA; BENGALI SIGN VIRAMA; BENGALI LETTER NA,MatriVasha+RAS,2617
34,গ্ব,U+0997 U+09CD U+09AC,BENGALI LETTER GA; BENGALI SIGN VIRAMA; BENGALI LETTER BA,MatriVasha+RAS,2634
35,গ্ম,U+0997 U+09CD U+09AE,BENGALI LETTER GA; BENGALI SIGN VIRAMA; BENGALI LETTER MA,MatriVasha+RAS,2636
36,গ্য,U+0997 U+09CD U+09AF,BENGALI LETTER GA; BENGALI SIGN VIRAMA; BENGALI LETTER YA,RAS,66
37,গ্র,U+0997 U+09CD U+09B0,BENGALI LETTER GA; BENGALI SIGN VIRAMA; BENGALI LETTER RA,MatriVasha+RAS,2633
38,গ্ল,U+0997 U+09CD U+09B2,BENGALI LETTER GA; BENGALI SIGN VIRAMA; BENGALI LETTER LA,MatriVasha+RAS,2629
39,ঘ,U+0998,BENGALI LETTER GHA,Ekush,3062
40,ঘ্ন,U+0998 U+09CD U+09A8,BENGALI LETTER GHA; BENGALI SIGN VIRAMA; BENGALI LETTER NA,Ekush+RAS,2908
41,ঘ্র,U+0998 U+09CD U+09B0,BENGALI LETTER GHA; BENGALI SIGN VIRAMA; BENGALI LETTER RA,RAS,64
42,ঙ,U+0999,BENGALI LETTER NGA,Ekush,3078
43,ঙ্ক,U+0999 U+09CD U+0995,BENGALI LETTER NGA; BENGALI SIGN VIRAMA; BENGALI LETTER KA,MatriVasha+RAS,2592
44,ঙ্ক্ষ,U+0999 U+09CD U+0995 U+09CD U+09B7,BENGALI LETTER NGA; BENGALI SIGN VIRAMA; BENGALI LETTER KA; BENGALI SIGN VIRAMA; BENGALI LETTER SSA,MatriVasha,2554
45,ঙ্খ,U+0999 U+09CD U+0996,BENGALI LETTER NGA; BENGALI SIGN VIRAMA; BENGALI LETTER KHA,Ekush+RAS,3128
46,ঙ্গ,U+0999 U+09CD U+0997,BENGALI LETTER NGA; BENGALI SIGN VIRAMA; BENGALI LETTER GA,Ekush+RAS,3108
47,ঙ্ঘ,U+0999 U+09CD U+0998,BENGALI LETTER NGA; BENGALI SIGN VIRAMA; BENGALI LETTER GHA,MatriVasha+RAS,2635
48,ঙ্ম,U+0999 U+09CD U+09AE,BENGALI LETTER NGA; BENGALI SIGN VIRAMA; BENGALI LETTER MA,MatriVasha,2554
49,চ,U+099A,BENGALI LETTER CA,Ekush,3074
50,চ্চ,U+099A U+09CD U+099A,BENGALI LETTER CA; BENGALI SIGN VIRAMA; BENGALI LETTER CA,Ekush+RAS,3129
51,চ্ছ,U+099A U+09CD U+099B,BENGALI LETTER CA; BENGALI SIGN VIRAMA; BENGALI LETTER CHA,Ekush+RAS,3104
52,চ্ছ্ব,U+099A U+09CD U+099B U+09CD U+09AC,BENGALI LETTER CA; BENGALI SIGN VIRAMA; BENGALI LETTER CHA; BENGALI SIGN VIRAMA; BENGALI LETTER BA,MatriVasha+RAS,2627
53,চ্ঞ,U+099A U+09CD U+099E,BENGALI LETTER CA; BENGALI SIGN VIRAMA; BENGALI LETTER NYA,MatriVasha,2546
54,ছ,U+099B,BENGALI LETTER CHA,Ekush,3070
55,জ,U+099C,BENGALI LETTER JA,Ekush,3069
56,জ্জ,U+099C U+09CD U+099C,BENGALI LETTER JA; BENGALI SIGN VIRAMA; BENGALI LETTER JA,Ekush+RAS,3127
57,জ্জ্ব,U+099C U+09CD U+099C U+09CD U+09AC,BENGALI LETTER JA; BENGALI SIGN VIRAMA; BENGALI LETTER JA; BENGALI SIGN VIRAMA; BENGALI LETTER BA,MatriVasha,2555
58,জ্ঝ,U+099C U+09CD U+099D,BENGALI LETTER JA; BENGALI SIGN VIRAMA; BENGALI LETTER JHA,MatriVasha+RAS,2601
59,জ্ঞ,U+099C U+09CD U+099E,BENGALI LETTER JA; BENGALI SIGN VIRAMA; BENGALI LETTER NYA,Ekush+RAS,3124
60,জ্ব,U+099C U+09CD U+09AC,BENGALI LETTER JA; BENGALI SIGN VIRAMA; BENGALI LETTER BA,Ekush+RAS,3129
61,জ্য,U+099C U+09CD U+09AF,BENGALI LETTER JA; BENGALI SIGN VIRAMA; BENGALI LETTER YA,RAS,61
62,জ্র,U+099C U+09CD U+09B0,BENGALI LETTER JA; BENGALI SIGN VIRAMA; BENGALI LETTER RA,MatriVasha+RAS,5184
63,ঝ,U+099D,BENGALI LETTER JHA,Ekush,3083
64,ঞ,U+099E,BENGALI LETTER NYA,Ekush,3104
65,ঞ্চ,U+099E U+09CD U+099A,BENGALI LETTER NYA; BENGALI SIGN VIRAMA; BENGALI LETTER CA,Ekush+MatriVasha+RAS,5681
66,ঞ্ছ,U+099E U+09CD U+099B,BENGALI LETTER NYA; BENGALI SIGN VIRAMA; BENGALI LETTER CHA,RAS,62
67,ঞ্জ,U+099E U+09CD U+099C,BENGALI LETTER NYA; BENGALI SIGN VIRAMA; BENGALI LETTER JA,Ekush+RAS,3133
68,ঞ্ঝ,U+099E U+09CD U+099D,BENGALI LETTER NYA; BENGALI SIGN VIRAMA; BENGALI LETTER JHA,MatriVasha+RAS,2621
69,ট,U+099F,BENGALI LETTER TTA,Ekush,3070
70,ট্ট,U+099F U+09CD U+099F,BENGALI LETTER TTA; BENGALI SIGN VIRAMA; BENGALI LETTER TTA,Ekush+RAS,3120
71,ট্ব,U+099F U+09CD U+09AC,BENGALI LETTER TTA; BENGALI SIGN VIRAMA; BENGALI LETTER BA,MatriVasha,2543
72,ট্র,U+099F U+09CD U+09B0,BENGALI LETTER TTA; BENGALI SIGN VIRAMA; BENGALI LETTER RA,MatriVasha,2548
73,ঠ,U+09A0,BENGALI LETTER TTHA,Ekush,3064
74,ড,U+09A1,BENGALI LETTER DDA,Ekush,3062
75,ড়,U+09A1 U+09BC,BENGALI LETTER DDA; BENGALI SIGN NUKTA,Ekush,3082
76,ড়্গ,U+09A1 U+09BC U+09CD U+0997,BENGALI LETTER DDA; BENGALI SIGN NUKTA; BENGALI SIGN VIRAMA; BENGALI LETTER GA,MatriVasha,2546
77,ড্ড,U+09A1 U+09CD U+09A1,BENGALI LETTER DDA; BENGALI SIGN VIRAMA; BENGALI LETTER DDA,Ekush+RAS,3135
78,ঢ,U+09A2,BENGALI LETTER DDHA,Ekush,3045
79,ঢ়,U+09A2 U+09BC,BENGALI LETTER DDHA; BENGALI SIGN NUKTA,Ekush,3087
80,ণ,U+09A3,BENGALI LETTER NNA,Ekush,3025
81,ণ্ট,U+09A3 U+09CD U+099F,BENGALI LETTER NNA; BENGALI SIGN VIRAMA; BENGALI LETTER TTA,RAS,70
82,ণ্ঠ,U+09A3 U+09CD U+09A0,BENGALI LETTER NNA; BENGALI SIGN VIRAMA; BENGALI LETTER TTHA,Ekush+RAS,3122
83,ণ্ড,U+09A3 U+09CD U+09A1,BENGALI LETTER NNA; BENGALI SIGN VIRAMA; BENGALI LETTER DDA,RAS,59
84,ণ্ড্র,U+09A3 U+09CD U+09A1 U+09CD U+09B0,BENGALI LETTER NNA; BENGALI SIGN VIRAMA; BENGALI LETTER DDA; BENGALI SIGN VIRAMA; BENGALI LETTER RA,MatriVasha,2554
85,ণ্ণ,U+09A3 U+09CD U+09A3,BENGALI LETTER NNA; BENGALI SIGN VIRAMA; BENGALI LETTER NNA,MatriVasha+RAS,2612
86,ণ্ব,U+09A3 U+09CD U+09AC,BENGALI LETTER NNA; BENGALI SIGN VIRAMA; BENGALI LETTER BA,MatriVasha+RAS,2626
87,ণ্ম,U+09A3 U+09CD U+09AE,BENGALI LETTER NNA; BENGALI SIGN VIRAMA; BENGALI LETTER MA,RAS,59
88,ত,U+09A4,BENGALI LETTER TA,Ekush,3091
89,ত্ত,U+09A4 U+09CD U+09A4,BENGALI LETTER TA; BENGALI SIGN VIRAMA; BENGALI LETTER TA,Ekush+RAS,2962
90,ত্ত্ব,U+09A4 U+09CD U+09A4 U+09CD U+09AC,BENGALI LETTER TA; BENGALI SIGN VIRAMA; BENGALI LETTER TA; BENGALI SIGN VIRAMA; BENGALI LETTER BA,MatriVasha,5111
91,ত্থ,U+09A4 U+09CD U+09A5,BENGALI LETTER TA; BENGALI SIGN VIRAMA; BENGALI LETTER THA,Ekush+RAS,2161
92,ত্ন,U+09A4 U+09CD U+09A8,BENGALI LETTER TA; BENGALI SIGN VIRAMA; BENGALI LETTER NA,Ekush+RAS,2878
93,ত্ব,U+09A4 U+09CD U+09AC,BENGALI LETTER TA; BENGALI SIGN VIRAMA; BENGALI LETTER BA,MatriVasha+RAS,2631
94,ত্ম,U+09A4 U+09CD U+09AE,BENGALI LETTER TA; BENGALI SIGN VIRAMA; BENGALI LETTER MA,MatriVasha+RAS,2619
95,ত্য,U+09A4 U+09CD U+09AF,BENGALI LETTER TA; BENGALI SIGN VIRAMA; BENGALI LETTER YA,RAS,69
96,ত্র,U+09A4 U+09CD U+09B0,BENGALI LETTER TA; BENGALI SIGN VIRAMA; BENGALI LETTER RA,MatriVasha+RAS,2631
97,ত্ল,U+09A4 U+09CD U+09B2,BENGALI LETTER TA; BENGALI SIGN VIRAMA; BENGALI LETTER LA,RAS,62
98,থ,U+09A5,BENGALI LETTER THA,Ekush,4067
99,থ্ব,U+09A5 U+09CD U+09AC,BENGALI LETTER THA; BENGALI SIGN VIRAMA; BENGALI LETTER BA,MatriVasha+RAS,2629
100,থ্র,U+09A5 U+09CD U+09B0,BENGALI LETTER THA; BENGALI SIGN VIRAMA; BENGALI LETTER RA,MatriVasha+RAS,2588
101,দ,U+09A6,BENGALI LETTER DA,Ekush,3114
102,দ্গ,U+09A6 U+09CD U+0997,BENGALI LETTER DA; BENGALI SIGN VIRAMA; BENGALI LETTER GA,MatriVasha+RAS,2618
103,দ্ঘ,U+09A6 U+09CD U+0998,BENGALI LETTER DA; BENGALI SIGN VIRAMA; BENGALI LETTER GHA,MatriVasha+RAS,2613
104,দ্দ,U+09A6 U+09CD U+09A6,BENGALI LETTER DA; BENGALI SIGN VIRAMA; BENGALI LETTER DA,Ekush+RAS,3125
105,দ্দ্ব,U+09A6 U+09CD U+09A6 U+09CD U+09AC,BENGALI LETTER DA; BENGALI SIGN VIRAMA; BENGALI LETTER DA; BENGALI SIGN VIRAMA; BENGALI LETTER BA,MatriVasha,2552
106,দ্ধ,U+09A6 U+09CD U+09A7,BENGALI LETTER DA; BENGALI SIGN VIRAMA; BENGALI LETTER DHA,Ekush+RAS,3136
107,দ্ব,U+09A6 U+09CD U+09AC,BENGALI LETTER DA; BENGALI SIGN VIRAMA; BENGALI LETTER BA,Ekush+RAS,3120
108,দ্ভ,U+09A6 U+09CD U+09AD,BENGALI LETTER DA; BENGALI SIGN VIRAMA; BENGALI LETTER BHA,Ekush+RAS,3330
109,দ্ভ্র,U+09A6 U+09CD U+09AD U+09CD U+09B0,BENGALI LETTER DA; BENGALI SIGN VIRAMA; BENGALI LETTER BHA; BENGALI SIGN VIRAMA; BENGALI LETTER RA,MatriVasha,2556
110,দ্ম,U+09A6 U+09CD U+09AE,BENGALI LETTER DA; BENGALI SIGN VIRAMA; BENGALI LETTER MA,MatriVasha+RAS,2625
111,দ্য,U+09A6 U+09CD U+09AF,BENGALI LETTER DA; BENGALI SIGN VIRAMA; BENGALI LETTER YA,RAS,69
112,দ্র,U+09A6 U+09CD U+09B0,BENGALI LETTER DA; BENGALI SIGN VIRAMA; BENGALI LETTER RA,MatriVasha+RAS,2637
113,ধ,U+09A7,BENGALI LETTER DHA,Ekush,3079
114,ধ্ন,U+09A7 U+09CD U+09A8,BENGALI LETTER DHA; BENGALI SIGN VIRAMA; BENGALI LETTER NA,MatriVasha+RAS,2628
115,ধ্ব,U+09A7 U+09CD U+09AC,BENGALI LETTER DHA; BENGALI SIGN VIRAMA; BENGALI LETTER BA,MatriVasha+RAS,2623
116,ধ্ম,U+09A7 U+09CD U+09AE,BENGALI LETTER DHA; BENGALI SIGN VIRAMA; BENGALI LETTER MA,MatriVasha+RAS,2619
117,ধ্য,U+09A7 U+09CD U+09AF,BENGALI LETTER DHA; BENGALI SIGN VIRAMA; BENGALI LETTER YA,RAS,70
118,ধ্র,U+09A7 U+09CD U+09B0,BENGALI LETTER DHA; BENGALI SIGN VIRAMA; BENGALI LETTER RA,RAS,69
119,ন,U+09A8,BENGALI LETTER NA,Ekush,3091
120,ন্ট,U+09A8 U+09CD U+099F,BENGALI LETTER NA; BENGALI SIGN VIRAMA; BENGALI LETTER TTA,MatriVasha+RAS,5165
121,ন্ট্র,U+09A8 U+09CD U+099F U+09CD U+09B0,BENGALI LETTER NA; BENGALI SIGN VIRAMA; BENGALI LETTER TTA; BENGALI SIGN VIRAMA; BENGALI LETTER RA,MatriVasha,2548
122,ন্ঠ,U+09A8 U+09CD U+09A0,BENGALI LETTER NA; BENGALI SIGN VIRAMA; BENGALI LETTER TTHA,MatriVasha+RAS,2633
123,ন্ড,U+09A8 U+09CD U+09A1,BENGALI LETTER NA; BENGALI SIGN VIRAMA; BENGALI LETTER DDA,Ekush+MatriVasha+RAS,5683
124,ন্ড্র,U+09A8 U+09CD U+09A1 U+09CD U+09B0,BENGALI LETTER NA; BENGALI SIGN VIRAMA; BENGALI LETTER DDA; BENGALI SIGN VIRAMA; BENGALI LETTER RA,MatriVasha,2556
125,ন্ঢ,U+09A8 U+09CD U+09A2,BENGALI LETTER NA; BENGALI SIGN VIRAMA; BENGALI LETTER DDHA,MatriVasha,2553
126,ন্ত,U+09A8 U+09CD U+09A4,BENGALI LETTER NA; BENGALI SIGN VIRAMA; BENGALI LETTER TA,Ekush+RAS,2202
127,ন্ত্র,U+09A8 U+09CD U+09A4 U+09CD U+09B0,BENGALI LETTER NA; BENGALI SIGN VIRAMA; BENGALI LETTER TA; BENGALI SIGN VIRAMA; BENGALI LETTER RA,MatriVasha,2557
128,ন্থ,U+09A8 U+09CD U+09A5,BENGALI LETTER NA; BENGALI SIGN VIRAMA; BENGALI LETTER THA,MatriVasha+RAS,2601
129,ন্দ,U+09A8 U+09CD U+09A6,BENGALI LETTER NA; BENGALI SIGN VIRAMA; BENGALI LETTER DA,Ekush+RAS,3133
130,ন্দ্ব,U+09A8 U+09CD U+09A6 U+09CD U+09AC,BENGALI LETTER NA; BENGALI SIGN VIRAMA; BENGALI LETTER DA; BENGALI SIGN VIRAMA; BENGALI LETTER BA,MatriVasha,2544
131,ন্দ্র,U+09A8 U+09CD U+09A6 U+09CD U+09B0,BENGALI LETTER NA; BENGALI SIGN VIRAMA; BENGALI LETTER DA; BENGALI SIGN VIRAMA; BENGALI LETTER RA,MatriVasha,2558
132,ন্ধ,U+09A8 U+09CD U+09A7,BENGALI LETTER NA; BENGALI SIGN VIRAMA; BENGALI LETTER DHA,Ekush+RAS,3138
133,ন্ন,U+09A8 U+09CD U+09A8,BENGALI LETTER NA; BENGALI SIGN VIRAMA; BENGALI LETTER NA,Ekush+RAS,3110
134,ন্ব,U+09A8 U+09CD U+09AC,BENGALI LETTER NA; BENGALI SIGN VIRAMA; BENGALI LETTER BA,MatriVasha+RAS,2630
135,ন্ম,U+09A8 U+09CD U+09AE,BENGALI LETTER NA; BENGALI SIGN VIRAMA; BENGALI LETTER MA,Ekush+MatriVasha+RAS,5628
136,ন্য,U+09A8 U+09CD U+09AF,BENGALI LETTER NA; BENGALI SIGN VIRAMA; BENGALI LETTER YA,RAS,70
137,ন্র,U+09A8 U+09CD U+09B0,BENGALI LETTER NA; BENGALI SIGN VIRAMA; BENGALI LETTER RA,RAS,70
138,ন্স,U+09A8 U+09CD U+09B8,BENGALI LETTER NA; BENGALI SIGN VIRAMA; BENGALI LETTER SA,RAS,68
139,প,U+09AA,BENGALI LETTER PA,Ekush,3060
140,প্ট,U+09AA U+09CD U+099F,BENGALI LETTER PA; BENGALI SIGN VIRAMA; BENGALI LETTER TTA,MatriVasha+RAS,2596
141,প্ত,U+09AA U+09CD U+09A4,BENGALI LETTER PA; BENGALI SIGN VIRAMA; BENGALI LETTER TA,Ekush+RAS,2770
142,প্ন,U+09AA U+09CD U+09A8,BENGALI LETTER PA; BENGALI SIGN VIRAMA; BENGALI LETTER NA,MatriVasha+RAS,2616
143,প্প,U+09AA U+09CD U+09AA,BENGALI LETTER PA; BENGALI SIGN VIRAMA; BENGALI LETTER PA,MatriVasha+RAS,2626
144,প্ব,U+09AA U+09CD U+09AC,BENGALI LETTER PA; BENGALI SIGN VIRAMA; BENGALI LETTER BA,RAS,66
145,প্ম,U+09AA U+09CD U+09AE,BENGALI LETTER PA; BENGALI SIGN VIRAMA; BENGALI LETTER MA,RAS,69
146,প্য,U+09AA U+09CD U+09AF,BENGALI LETTER PA; BENGALI SIGN VIRAMA; BENGALI LETTER YA,RAS,69
147,প্র,U+09AA U+09CD U+09B0,BENGALI LETTER PA; BENGALI SIGN VIRAMA; BENGALI LETTER RA,MatriVasha+RAS,2632
148,প্ল,U+09AA U+09CD U+09B2,BENGALI LETTER PA; BENGALI SIGN VIRAMA; BENGALI LETTER LA,MatriVasha+RAS,2621
149,প্স,U+09AA U+09CD U+09B8,BENGALI LETTER PA; BENGALI SIGN VIRAMA; BENGALI LETTER SA,MatriVasha+RAS,2609
150,ফ,U+09AB,BENGALI LETTER PHA,Ekush,3083
151,ফ্র,U+09AB U+09CD U+09B0,BENGALI LETTER PHA; BENGALI SIGN VIRAMA; BENGALI LETTER RA,RAS,59
152,ফ্ল,U+09AB U+09CD U+09B2,BENGALI LETTER PHA; BENGALI SIGN VIRAMA; BENGALI LETTER LA,MatriVasha+RAS,2625
153,ব,U+09AC,BENGALI LETTER BA,Ekush,3081
154,ব্জ,U+09AC U+09CD U+099C,BENGALI LETTER BA; BENGALI SIGN VIRAMA; BENGALI LETTER JA,MatriVasha+RAS,2618
155,ব্দ,U+09AC U+09CD U+09A6,BENGALI LETTER BA; BENGALI SIGN VIRAMA; BENGALI LETTER DA,Ekush+RAS,3111
156,ব্ধ,U+09AC U+09CD U+09A7,BENGALI LETTER BA; BENGALI SIGN VIRAMA; BENGALI LETTER DHA,MatriVasha+RAS,2597
157,ব্ব,U+09AC U+09CD U+09AC,BENGALI LETTER BA; BENGALI SIGN VIRAMA; BENGALI LETTER BA,MatriVasha+RAS,2646
158,ব্য,U+09AC U+09CD U+09AF,BENGALI LETTER BA; BENGALI SIGN VIRAMA; BENGALI LETTER YA,RAS,70
159,ব্র,U+09AC U+09CD U+09B0,BENGALI LETTER BA; BENGALI SIGN VIRAMA; BENGALI LETTER RA,RAS,67
160,ব্ল,U+09AC U+09CD U+09B2,BENGALI LETTER BA; BENGALI SIGN VIRAMA; BENGALI LETTER LA,MatriVasha+RAS,2633
161,ভ,U+09AD,BENGALI LETTER BHA,Ekush,3076
162,ভ্র,U+09AD U+09CD U+09B0,BENGALI LETTER BHA; BENGALI SIGN VIRAMA; BENGALI LETTER RA,MatriVasha+RAS,2628
163,ম,U+09AE,BENGALI LETTER MA,Ekush,3089
164,ম্ন,U+09AE U+09CD U+09A8,BENGALI LETTER MA; BENGALI SIGN VIRAMA; BENGALI LETTER NA,MatriVasha+RAS,2617
165,ম্প,U+09AE U+09CD U+09AA,BENGALI LETTER MA; BENGALI SIGN VIRAMA; BENGALI LETTER PA,Ekush,3088
166,ম্প্র,U+09AE U+09CD U+09AA U+09CD U+09B0,BENGALI LETTER MA; BENGALI SIGN VIRAMA; BENGALI LETTER PA; BENGALI SIGN VIRAMA; BENGALI LETTER RA,MatriVasha,2545
167,ম্ফ,U+09AE U+09CD U+09AB,BENGALI LETTER MA; BENGALI SIGN VIRAMA; BENGALI LETTER PHA,MatriVasha,2541
168,ম্ব,U+09AE U+09CD U+09AC,BENGALI LETTER MA; BENGALI SIGN VIRAMA; BENGALI LETTER BA,Ekush+RAS,2962
169,ম্ভ,U+09AE U+09CD U+09AD,BENGALI LETTER MA; BENGALI SIGN VIRAMA; BENGALI LETTER BHA,MatriVasha+RAS,2617
170,ম্ভ্র,U+09AE U+09CD U+09AD U+09CD U+09B0,BENGALI LETTER MA; BENGALI SIGN VIRAMA; BENGALI LETTER BHA; BENGALI SIGN VIRAMA; BENGALI LETTER RA,MatriVasha,2546
171,ম্ম,U+09AE U+09CD U+09AE,BENGALI LETTER MA; BENGALI SIGN VIRAMA; BENGALI LETTER MA,MatriVasha+RAS,2621
172,ম্য,U+09AE U+09CD U+09AF,BENGALI LETTER MA; BENGALI SIGN VIRAMA; BENGALI LETTER YA,RAS,69
173,ম্র,U+09AE U+09CD U+09B0,BENGALI LETTER MA; BENGALI SIGN VIRAMA; BENGALI LETTER RA,MatriVasha+RAS,2619
174,ম্ল,U+09AE U+09CD U+09B2,BENGALI LETTER MA; BENGALI SIGN VIRAMA; BENGALI LETTER LA,MatriVasha+RAS,2627
175,য,U+09AF,BENGALI LETTER YA,Ekush,2974
176,য়,U+09AF U+09BC,BENGALI LETTER YA; BENGALI SIGN NUKTA,Ekush,3147
177,র,U+09B0,BENGALI LETTER RA,Ekush,3085
178,র্গ,U+09B0 U+09CD U+0997,BENGALI LETTER RA; BENGALI SIGN VIRAMA; BENGALI LETTER GA,MatriVasha,2545
179,র্চ,U+09B0 U+09CD U+099A,BENGALI LETTER RA; BENGALI SIGN VIRAMA; BENGALI LETTER CA,MatriVasha,2552
180,র্ছ,U+09B0 U+09CD U+099B,BENGALI LETTER RA; BENGALI SIGN VIRAMA; BENGALI LETTER CHA,MatriVasha,2547
181,র্ত,U+09B0 U+09CD U+09A4,BENGALI LETTER RA; BENGALI SIGN VIRAMA; BENGALI LETTER TA,MatriVasha,2551
182,র্থ,U+09B0 U+09CD U+09A5,BENGALI LETTER RA; BENGALI SIGN VIRAMA; BENGALI LETTER THA,MatriVasha,5082
183,র্ব্য,U+09B0 U+09CD U+09AC U+09CD U+09AF,BENGALI LETTER RA; BENGALI SIGN VIRAMA; BENGALI LETTER BA; BENGALI SIGN VIRAMA; BENGALI LETTER YA,MatriVasha,2541
184,র্শ,U+09B0 U+09CD U+09B6,BENGALI LETTER RA; BENGALI SIGN VIRAMA; BENGALI LETTER SHA,MatriVasha,2548
185,ল,U+09B2,BENGALI LETTER LA,Ekush,3063
186,ল্ক,U+09B2 U+09CD U+0995,BENGALI LETTER LA; BENGALI SIGN VIRAMA; BENGALI LETTER KA,MatriVasha+RAS,2633
187,ল্গ,U+09B2 U+09CD U+0997,BENGALI LETTER LA; BENGALI SIGN VIRAMA; BENGALI LETTER GA,MatriVasha+RAS,2617
188,ল্ট,U+09B2 U+09CD U+099F,BENGALI LETTER LA; BENGALI SIGN VIRAMA; BENGALI LETTER TTA,MatriVasha+RAS,2616
189,ল্ড,U+09B2 U+09CD U+09A1,BENGALI LETTER LA; BENGALI SIGN VIRAMA; BENGALI LETTER DDA,MatriVasha+RAS,2620
190,ল্ত,U+09B2 U+09CD U+09A4,BENGALI LETTER LA; BENGALI SIGN VIRAMA; BENGALI LETTER TA,Ekush+MatriVasha,3074
191,ল্প,U+09B2 U+09CD U+09AA,BENGALI LETTER LA; BENGALI SIGN VIRAMA; BENGALI LETTER PA,Ekush+RAS,3159
192,ল্ব,U+09B2 U+09CD U+09AC,BENGALI LETTER LA; BENGALI SIGN VIRAMA; BENGALI LETTER BA,MatriVasha+RAS,2631
193,ল্ম,U+09B2 U+09CD U+09AE,BENGALI LETTER LA; BENGALI SIGN VIRAMA; BENGALI LETTER MA,MatriVasha+RAS,2616
194,ল্য,U+09B2 U+09CD U+09AF,BENGALI LETTER LA; BENGALI SIGN VIRAMA; BENGALI LETTER YA,RAS,70
195,ল্ল,U+09B2 U+09CD U+09B2,BENGALI LETTER LA; BENGALI SIGN VIRAMA; BENGALI LETTER LA,MatriVasha,2555
196,শ,U+09B6,BENGALI LETTER SHA,Ekush,3077
197,শ্চ,U+09B6 U+09CD U+099A,BENGALI LETTER SHA; BENGALI SIGN VIRAMA; BENGALI LETTER CA,Ekush,3064
198,শ্ছ,U+09B6 U+09CD U+099B,BENGALI LETTER SHA; BENGALI SIGN VIRAMA; BENGALI LETTER CHA,MatriVasha,2536
199,শ্ন,U+09B6 U+09CD U+09A8,BENGALI LETTER SHA; BENGALI SIGN VIRAMA; BENGALI LETTER NA,MatriVasha,2541
200,শ্ব,U+09B6 U+09CD U+09AC,BENGALI LETTER SHA; BENGALI SIGN VIRAMA; BENGALI LETTER BA,MatriVasha,2558
201,শ্ম,U+09B6 U+09CD U+09AE,BENGALI LETTER SHA; BENGALI SIGN VIRAMA; BENGALI LETTER MA,MatriVasha,2558
202,শ্রু,U+09B6 U+09CD U+09B0 U+09C1,BENGALI LETTER SHA; BENGALI SIGN VIRAMA; BENGALI LETTER RA; BENGALI VOWEL SIGN U,MatriVasha,2541
203,শ্ল,U+09B6 U+09CD U+09B2,BENGALI LETTER SHA; BENGALI SIGN VIRAMA; BENGALI LETTER LA,MatriVasha,2559
204,ষ,U+09B7,BENGALI LETTER SSA,Ekush,3169
205,ষ্ক্র,U+09B7 U+09CD U+0995 U+09CD U+09B0,BENGALI LETTER SSA; BENGALI SIGN VIRAMA; BENGALI LETTER KA; BENGALI SIGN VIRAMA; BENGALI LETTER RA,MatriVasha,2543
206,ষ্ট,U+09B7 U+09CD U+099F,BENGALI LETTER SSA; BENGALI SIGN VIRAMA; BENGALI LETTER TTA,Ekush,3066
207,ষ্ঠ,U+09B7 U+09CD U+09A0,BENGALI LETTER SSA; BENGALI SIGN VIRAMA; BENGALI LETTER TTHA,Ekush,3059
208,ষ্ণ,U+09B7 U+09CD U+09A3,BENGALI LETTER SSA; BENGALI SIGN VIRAMA; BENGALI LETTER NNA,Ekush,3071
209,ষ্প,U+09B7 U+09CD U+09AA,BENGALI LETTER SSA; BENGALI SIGN VIRAMA; BENGALI LETTER PA,Ekush,2223
210,ষ্ফ,U+09B7 U+09CD U+09AB,BENGALI LETTER SSA; BENGALI SIGN VIRAMA; BENGALI LETTER PHA,MatriVasha,5105
211,ষ্ব,U+09B7 U+09CD U+09AC,BENGALI LETTER SSA; BENGALI SIGN VIRAMA; BENGALI LETTER BA,MatriVasha,2555
212,ষ্ম,U+09B7 U+09CD U+09AE,BENGALI LETTER SSA; BENGALI SIGN VIRAMA; BENGALI LETTER MA,MatriVasha,2547
213,স,U+09B8,BENGALI LETTER SA,Ekush,3057
214,স্ক,U+09B8 U+09CD U+0995,BENGALI LETTER SA; BENGALI SIGN VIRAMA; BENGALI LETTER KA,Ekush,3065
215,স্ক্র,U+09B8 U+09CD U+0995 U+09CD U+09B0,BENGALI LETTER SA; BENGALI SIGN VIRAMA; BENGALI LETTER KA; BENGALI SIGN VIRAMA; BENGALI LETTER RA,MatriVasha,2557
216,স্ট,U+09B8 U+09CD U+099F,BENGALI LETTER SA; BENGALI SIGN VIRAMA; BENGALI LETTER TTA,MatriVasha,2553
217,স্ত,U+09B8 U+09CD U+09A4,BENGALI LETTER SA; BENGALI SIGN VIRAMA; BENGALI LETTER TA,Ekush+MatriVasha,5740
218,স্ত্ব,U+09B8 U+09CD U+09A4 U+09CD U+09AC,BENGALI LETTER SA; BENGALI SIGN VIRAMA; BENGALI LETTER TA; BENGALI SIGN VIRAMA; BENGALI LETTER BA,MatriVasha,2557
219,স্থ,U+09B8 U+09CD U+09A5,BENGALI LETTER SA; BENGALI SIGN VIRAMA; BENGALI LETTER THA,Ekush+MatriVasha,5617
220,স্ন,U+09B8 U+09CD U+09A8,BENGALI LETTER SA; BENGALI SIGN VIRAMA; BENGALI LETTER NA,Ekush,3069
221,স্প,U+09B8 U+09CD U+09AA,BENGALI LETTER SA; BENGALI SIGN VIRAMA; BENGALI LETTER PA,Ekush+MatriVasha,3560
222,স্ফ,U+09B8 U+09CD U+09AB,BENGALI LETTER SA; BENGALI SIGN VIRAMA; BENGALI LETTER PHA,Ekush,3038
223,স্ব,U+09B8 U+09CD U+09AC,BENGALI LETTER SA; BENGALI SIGN VIRAMA; BENGALI LETTER BA,MatriVasha,2580
224,স্ম,U+09B8 U+09CD U+09AE,BENGALI LETTER SA; BENGALI SIGN VIRAMA; BENGALI LETTER MA,Ekush,3081
225,স্ল,U+09B8 U+09CD U+09B2,BENGALI LETTER SA; BENGALI SIGN VIRAMA; BENGALI LETTER LA,MatriVasha,2572
226,হ,U+09B9,BENGALI LETTER HA,Ekush,3057
227,হ্ন,U+09B9 U+09CD U+09A8,BENGALI LETTER HA; BENGALI SIGN VIRAMA; BENGALI LETTER NA,Ekush+MatriVasha,5627
228,হ্ব,U+09B9 U+09CD U+09AC,BENGALI LETTER HA; BENGALI SIGN VIRAMA; BENGALI LETTER BA,MatriVasha,2559
229,হ্ম,U+09B9 U+09CD U+09AE,BENGALI LETTER HA; BENGALI SIGN VIRAMA; BENGALI LETTER MA,MatriVasha,2566
230,হ্র,U+09B9 U+09CD U+09B0,BENGALI LETTER HA; BENGALI SIGN VIRAMA; BENGALI LETTER RA,MatriVasha,2525
231,হ্ল,U+09B9 U+09CD U+09B2,BENGALI LETTER HA; BENGALI SIGN VIRAMA; BENGALI LETTER LA,MatriVasha,2568
232,া,U+09BE,BENGALI VOWEL SIGN AA,Ekush,3047
233,ি,U+09BF,BENGALI VOWEL SIGN I,Ekush,3086
234,ী,U+09C0,BENGALI VOWEL SIGN II,Ekush,3081
235,ু,U+09C1,BENGALI VOWEL SIGN U,Ekush,3077
236,ূ,U+09C2,BENGALI VOWEL SIGN UU,Ekush,3064
237,ৃ,U+09C3,BENGALI VOWEL SIGN VOCALIC R,Ekush,2987
238,ে,U+09C7,BENGALI VOWEL SIGN E,Ekush,3087
239,ৈ,U+09C8,BENGALI VOWEL SIGN AI,Ekush,3079
240,ো,U+09CB,BENGALI VOWEL SIGN O,Ekush,3081
241,ৌ,U+09CC,BENGALI VOWEL SIGN AU,Ekush,3078
242,্,U+09CD,BENGALI SIGN VIRAMA,MatriVasha,2562
243,্য,U+09CD U+09AF,BENGALI SIGN VIRAMA; BENGALI LETTER YA,MatriVasha,2542
244,্র,U+09CD U+09B0,BENGALI SIGN VIRAMA; BENGALI LETTER RA,MatriVasha,2533
245,ৎ,U+09CE,BENGALI LETTER KHANDA TA,Ekush,3062
246,০,U+09E6,BENGALI DIGIT ZERO,Ekush,3067
247,১,U+09E7,BENGALI DIGIT ONE,Ekush,3070
248,২,U+09E8,BENGALI DIGIT TWO,Ekush,3062
249,৩,U+09E9,BENGALI DIGIT THREE,Ekush,3075
250,৪,U+09EA,BENGALI DIGIT FOUR,Ekush,3072
251,৫,U+09EB,BENGALI DIGIT FIVE,Ekush,3068
252,৬,U+09EC,BENGALI DIGIT SIX,Ekush,3070
253,৭,U+09ED,BENGALI DIGIT SEVEN,Ekush,3072
254,৮,U+09EE,BENGALI DIGIT EIGHT,Ekush,3072
255,৯,U+09EF,BENGALI DIGIT NINE,Ekush,3059
